"","InDegree","OutDegree","AllDegree","InStrength","OutStrength","AllStrength"
"Barney Hull",1,1,2,8.88900000000012,5.71000000000004,14.5990000000002
"Brian",1,1,2,9.84000000000015,3.8599999999999,13.7000000000001
"Catherine Durant",1,1,2,16.1329999999998,8.19600000000037,24.3290000000002
"Charles Holburn",1,1,2,3.95099999999979,6.23000000000002,10.1809999999998
"Christina Gallagher",1,1,2,35.46,22.1000000000004,57.5600000000004
"Claire Underwood",5,4,9,93.4729999999999,88.7739999999996,182.247
"Donald Blythe",1,1,2,26.3150000000001,10.116,36.4310000000001
"Douglas Stamper",3,3,6,37.2710000000002,31.0110000000002,68.2820000000004
"Evelyn Baxter",1,1,2,27.374,23.5519999999999,50.9259999999999
"Felicity Holburn",1,1,2,6.10399999999981,7.78200000000015,13.886
"Francis Underwood",12,12,24,244.33,281.834,526.164
"Freddy Hayes",1,1,2,8.53999999999996,7.90000000000009,16.4400000000001
"Henry Chapman",1,1,2,11.57,9.40600000000006,20.9760000000001
"Jack Warton",1,1,2,4.874,2.04599999999999,6.91999999999999
"Janine Skorsky",2,2,4,17.7549999999997,11.0300000000002,28.7849999999999
"Jim Matthews",1,0,1,9.75999999999976,0,9.75999999999976
"Linda Vasquez",1,1,2,54.3219999999997,51.0700000000002,105.392
"Lucas Goodwin",2,2,4,33.507,24.7400000000001,58.2470000000001
"Michael Kern",0,3,3,0,29.2799999999993,29.2799999999993
"Nancy Kaufberger",2,1,3,6.66399999999999,4.66100000000006,11.325
"Peter Russo",4,5,9,63.5350000000005,77.1400000000001,140.675000000001
"Policeman",1,2,3,8.51800000000003,11.6019999999999,20.1199999999999
"Rachel Posner",2,0,2,5.43299999999999,0,5.43299999999999
"Steve Jones",2,2,4,14.8470000000002,8.16399999999998,23.0110000000002
"Tom Hammerschmidt",3,3,6,27.2699999999998,29.9429999999997,57.2129999999996
"Zoe Barnes",7,7,14,101.731,121.319,223.05
